<dependencies>

  <!-- Android dependencies are specified under the "androidPackages" element.
       Each "androidPackage" element contains the attributes of an Android
       dependency (e.g AAR, JAR reference). -->
  <androidPackages>
    <!-- Global set of repositories to search for packages.
         These repos will be searched for all packages specified by
         androidPackage. -->
    <repositories>
      <repository>https://repo.maven.apache.org/maven2</repository>
      <repository>https://jitpack.io</repository>
      <repository>https://maven.fabric.io/public</repository>
      <repository>https://dl.bintray.com/humanteq/HQM/</repository>
    </repositories>
    <!-- The "spec" attribute is *required* and provides the Maven package
         specification.

         Currently this only supports group:artifact:version_specification where
         group:artifact:version_specification references a Maven package that
         can be located in:
         * Maven central.
         * Google's Maven repo.
         * Local Android SDK Maven repo.

         Additional repositories can be added using the "repositories" element.
    -->
	<androidPackage spec="io.humanteq.hqsdk:hqsdk-core-legacy:1.2.3-beta02"/>
	<androidPackage spec="io.humanteq.hqsdk:hqsdk-apps-legacy:1.2.3-beta01-fix2"/>
	<androidPackage spec="com.google.code.gson:gson:2.8.5"/>
  </androidPackages>
</dependencies>
